node_id,name,country,entity_type
ICIJ-100001,Apex Holdings Ltd,British Virgin Islands,Company
ICIJ-100002,Apex Holdings Limited,British Virgin Islands,Company
ICIJ-100003,James Robert Morrison,United States,Individual
ICIJ-100004,James R. Morrison,United States,Individual
ICIJ-100005,Pacific Rim Investments Corp,Cayman Islands,Company
ICIJ-100006,Pacific Rim Investment Corporation,Cayman Islands,Company
ICIJ-100007,Elena Vasquez de Martinez,Panama,Individual
ICIJ-100008,Elena Vasquez Martinez,Panama,Individual
ICIJ-100009,Global Asset Management Trust,Jersey,Trust
ICIJ-100010,Global Asset Mgmt Trust,Jersey,Trust
ICIJ-100011,Chen Wei Finance Ltd,Hong Kong,Company
ICIJ-100012,Chen Wei Financial Limited,Hong Kong,Company
ICIJ-100013,Wolfgang Heinrich Bauer,Germany,Individual
ICIJ-100014,Wolfgang H. Bauer,Germany,Individual
ICIJ-100015,Montserrat Capital Partners,Liechtenstein,Company
ICIJ-100016,Montserrat Capital Ptnrs,Liechtenstein,Company
ICIJ-100017,Ibrahim Al-Rashidi Trading,Cyprus,Company
ICIJ-100018,Ibrahim Al Rashidi Trading,Cyprus,Company
ICIJ-100019,Maria Cristina Delgado Fuentes,Mexico,Individual
ICIJ-100020,Maria C. Delgado Fuentes,Mexico,Individual
ICIJ-100021,Sunrise Ventures International,Singapore,Company
ICIJ-100022,Sunrise Ventures Intl,Singapore,Company
ICIJ-100023,Robert Anthony Blackwell,United Kingdom,Individual
ICIJ-100024,Robert A. Blackwell,United Kingdom,Individual
ICIJ-100025,Harrington Family Foundation,Guernsey,Foundation
ICIJ-100026,Harrington Family Fndtn,Guernsey,Foundation
ICIJ-100027,Kazuo Yamamoto,Japan,Individual
ICIJ-100028,Kazuo Yamamotto,Japan,Individual
ICIJ-100029,Caribbean Wealth Structures Inc,Bahamas,Company
ICIJ-100030,Caribbean Wealth Structures Incorporated,Bahamas,Company
ICIJ-100031,Antoine Bernard Leclerc,France,Individual
ICIJ-100032,Antoine B. Leclerc,France,Individual
ICIJ-100033,Meridian Global Trust Services,Isle of Man,Trust
ICIJ-100034,Meridian Global Tr. Services,Isle of Man,Trust
ICIJ-100035,Svetlana Nikolaevna Petrova,Russia,Individual
ICIJ-100036,Svetlana N. Petrova,Russia,Individual
ICIJ-100037,Andean Resources Holding Corp,Luxembourg,Company
ICIJ-100038,Andean Resources Holdings Corp,Luxembourg,Company
ICIJ-100039,Priya Subramaniam Krishnan,India,Individual
ICIJ-100040,Priya S. Krishnan,India,Individual
ICIJ-100041,Nordic Asset Protection Foundation,Sweden,Foundation
ICIJ-100042,Nordic Asset Prot. Foundation,Sweden,Foundation
ICIJ-100043,Alejandro Javier Moreno Rios,Colombia,Individual
ICIJ-100044,Alejandro J. Moreno Rios,Colombia,Individual
ICIJ-100045,Eastern Med Capital Group Ltd,Malta,Company
ICIJ-100046,Eastern Med Capital Grp Ltd,Malta,Company
ICIJ-100047,Patrick Olivier Beaumont,Belgium,Individual
ICIJ-100048,Patrick O. Beaumont,Belgium,Individual
ICIJ-100049,Transpacific Holding Structure Corp,Samoa,Company
ICIJ-100050,Transpacific Holdings Structure Corp,Samoa,Company
ICIJ-100051,Zhang Liwei International Trading,China,Company
ICIJ-100052,Zhang Li Wei International Trading,China,Company
ICIJ-100053,Anastasia Mikhailova Borisenko,Ukraine,Individual
ICIJ-100054,Anastasia M. Borisenko,Ukraine,Individual
ICIJ-100055,Silver Crescent Investments Ltd,Dubai,Company
ICIJ-100056,Silver Crescent Investment Ltd,Dubai,Company
ICIJ-100057,Frederick William Ashworth,Australia,Individual
ICIJ-100058,Frederick W. Ashworth,Australia,Individual
ICIJ-100059,Regal Legacy Trust Management,Mauritius,Trust
ICIJ-100060,Regal Legacy Tr. Management,Mauritius,Trust
ICIJ-100061,Hiroshi Tanaka Enterprises,Japan,Company
ICIJ-100062,Hiroshi Tanaka Enterprise,Japan,Company
ICIJ-100063,Monica Isabella Torres Reyes,Peru,Individual
ICIJ-100064,Monica I. Torres Reyes,Peru,Individual
ICIJ-100065,Vanguard Offshore Services Ltd,Seychelles,Company
ICIJ-100066,Vanguard Offshore Srvcs Ltd,Seychelles,Company
ICIJ-100067,Bjorn Erik Lindqvist,Norway,Individual
ICIJ-100068,Bjorn E. Lindqvist,Norway,Individual
ICIJ-100069,Atlas Wealth Preservation Trust,Channel Islands,Trust
ICIJ-100070,Atlas Wealth Presrvtn Trust,Channel Islands,Trust
ICIJ-100071,Daniyar Bekzhan Seitkali,Kazakhstan,Individual
ICIJ-100072,Daniyar B. Seitkali,Kazakhstan,Individual
ICIJ-100073,Southern Cross Financial Group Corp,Belize,Company
ICIJ-100074,Southern Cross Financial Grp Corp,Belize,Company
ICIJ-100075,Giulia Francesca Ricci Lombardi,Italy,Individual
ICIJ-100076,Giulia F. Ricci Lombardi,Italy,Individual
ICIJ-100077,Emerald Isle Holdings Ltd,Ireland,Company
ICIJ-100078,Emerald Isle Holdings Limited,Ireland,Company
ICIJ-100079,Thomas Markus Hoffmann,Switzerland,Individual
ICIJ-100080,Thomas M. Hoffmann,Switzerland,Individual
ICIJ-100081,Far East Trade Finance Corp,Labuan,Company
ICIJ-100082,Far East Trade Finance Corporation,Labuan,Company
ICIJ-100083,Valentina Cruz Garzon,Venezuela,Individual
ICIJ-100084,Valentina C. Garzon,Venezuela,Individual
ICIJ-100085,Continental Shelf Resources Trust,Cook Islands,Trust
ICIJ-100086,Continental Shelf Resources Tr,Cook Islands,Trust
ICIJ-100087,Seun Adebayo Okonkwo,Nigeria,Individual
ICIJ-100088,Seun A. Okonkwo,Nigeria,Individual
ICIJ-100089,Midnight Sun Capital Ltd,Iceland,Company
ICIJ-100090,Midnight Sun Capital Limited,Iceland,Company
ICIJ-100091,Flavia Beatrice Marchetti,Argentina,Individual
ICIJ-100092,Flavia B. Marchetti,Argentina,Individual
ICIJ-100093,Phoenix Rising Investment Trust,Barbados,Trust
ICIJ-100094,Phoenix Rising Invstmt Trust,Barbados,Trust
ICIJ-100095,Liang Qiang Holdings Corp,Taiwan,Company
ICIJ-100096,Liang Qiang Holdings Corporation,Taiwan,Company
ICIJ-100097,Andrei Vladimirovich Sorokin,Russia,Individual
ICIJ-100098,Andrei V. Sorokin,Russia,Individual
ICIJ-100099,Goldstream Fiduciary Services Ltd,New Zealand,Company
ICIJ-100100,Goldstream Fiduciary Srvcs Ltd,New Zealand,Company
